config_id,varied_param,param_value,final_bleu,final_perplexity,best_bleu,best_epoch
1,dropout,0.1,0.4256761853566491,7.855157852172852,0.4256761853566491,20
2,dropout,0.5,0.4239052488633679,8.14617919921875,0.4239052488633679,20
