config_id,varied_param,param_value,final_bleu,final_perplexity,best_bleu,best_epoch
1,hid_dim,128,0.4081193480182697,8.993383407592773,0.4081193480182697,20
2,hid_dim,256,0.4268640996100068,7.870312213897705,0.4268640996100068,20
3,hid_dim,512,0.43532229556296875,7.916891098022461,0.43532229556296875,20
