config_id,varied_param,param_value,final_bleu,final_perplexity,best_bleu,best_epoch
1,tf_ratio,0.0,0.40667524807070016,6.159937858581543,0.40667524807070016,20
2,tf_ratio,0.5,0.4225960773615673,8.278231620788574,0.4225960773615673,20
3,tf_ratio,1.0,0.41632020402939557,59.45387268066406,0.41680599175444316,19
