config_id,varied_param,param_value,final_bleu,final_perplexity,best_bleu,best_epoch
1,emb_dim,128,0.4235162866082102,7.961215019226074,0.4235162866082102,20
2,emb_dim,256,0.4236057741646231,8.35542106628418,0.4236057741646231,20
3,emb_dim,512,0.4276116529123181,7.890722274780273,0.4276116529123181,20
