config_id,varied_param,param_value,final_bleu,final_perplexity,best_bleu,best_epoch
1,batch_size,128,0.42253718152672287,8.102577209472656,0.42253718152672287,20
2,batch_size,256,0.44630738137807335,8.43370532989502,0.44630738137807335,20